indicator,odds_ratio,pct_increase,coefficient,std_error,n_obs,indicator_label
worried,0.9726264713369884,-2.737352866301157,-0.02775516429770905,0.10966999350512817,14141,Worried about food
unhealthy,1.5259983450751786,52.59983450751786,0.4226488483762111,0.12375507277944318,14141,Unable to eat healthy
low_diversity,1.110092231332019,11.009223133201896,0.10444310316245985,0.12093115400703498,14141,Low food diversity
skip_meal,2.1432797924983356,114.32797924983356,0.7623372690975591,0.15818942236667496,14140,Skipped meals
eat_less,1.2827287282179278,28.27287282179278,0.2489896277501312,0.15108549218472603,14140,Ate less than needed
ran_out,1.8588916151371147,85.88916151371147,0.619980404262396,0.16265025657320248,14140,Ran out of food
went_hungry,2.9179466453928913,191.79466453928913,1.070880165283973,0.17776653520547758,14140,Went hungry
whole_day,4.303727663008096,330.3727663008096,1.4594815455341177,0.22894054975064781,14140,Whole day without food
